[
  {
    "model": "manager_app.subject",
    "pk": 1,
    "fields": {
      "name": "Technology"
    }
  },
  {
    "model": "manager_app.subject",
    "pk": 2,
    "fields": {
      "name": "Health"
    }
  },
  {
    "model": "manager_app.subject",
    "pk": 3,
    "fields": {
      "name": "Finance"
    }
  },
  {
    "model": "manager_app.subject",
    "pk": 4,
    "fields": {
      "name": "Education"
    }
  },
  {
    "model": "manager_app.subject",
    "pk": 5,
    "fields": {
      "name": "Environment"
    }
  },
  {
    "model": "manager_app.subject",
    "pk": 6,
    "fields": {
      "name": "Politics"
    }
  },
  {
    "model": "manager_app.subject",
    "pk": 7,
    "fields": {
      "name": "Sports"
    }
  },
  {
    "model": "manager_app.subject",
    "pk": 8,
    "fields": {
      "name": "Travel"
    }
  },
  {
    "model": "manager_app.subject",
    "pk": 9,
    "fields": {
      "name": "Science"
    }
  },
  {
    "model": "manager_app.subject",
    "pk": 10,
    "fields": {
      "name": "Business"
    }
  },
  {
    "model": "manager_app.subject",
    "pk": 11,
    "fields": {
      "name": "Art"
    }
  },
  {
    "model": "manager_app.subject",
    "pk": 12,
    "fields": {
      "name": "Music"
    }
  },
  {
    "model": "manager_app.subject",
    "pk": 13,
    "fields": {
      "name": "History"
    }
  },
  {
    "model": "manager_app.subject",
    "pk": 14,
    "fields": {
      "name": "Lifestyle"
    }
  },
  {
    "model": "manager_app.subject",
    "pk": 15,
    "fields": {
      "name": "Technology"
    }
  },

  {
    "model": "manager_app.editor",
    "pk": 1,
    "fields": {
      "password": "pbkdf2_sha256$320000$randomhash1",
      "last_login": "2022-08-08T14:14:03Z",
      "is_superuser": false,
      "username": "editor1",
      "first_name": "John",
      "last_name": "Doe",
      "email": "editor1@example.com",
      "is_staff": true,
      "is_active": true,
      "date_joined": "2022-08-08T13:58:29Z",
      "experience": 5,
      "groups": [],
      "user_permissions": []
    }
  },
  {
    "model": "manager_app.editor",
    "pk": 2,
    "fields": {
      "password": "pbkdf2_sha256$320000$randomhash2",
      "last_login": "2022-09-01T14:14:03Z",
      "is_superuser": false,
      "username": "editor2",
      "first_name": "Jane",
      "last_name": "Smith",
      "email": "editor2@example.com",
      "is_staff": true,
      "is_active": true,
      "date_joined": "2022-09-01T13:58:29Z",
      "experience": 7,
      "groups": [],
      "user_permissions": []
    }
  },
  {
    "model": "manager_app.editor",
    "pk": 3,
    "fields": {
      "password": "pbkdf2_sha256$320000$randomhash3",
      "last_login": "2023-01-08T14:14:03Z",
      "is_superuser": false,
      "username": "editor3",
      "first_name": "Emily",
      "last_name": "Johnson",
      "email": "editor3@example.com",
      "is_staff": true,
      "is_active": true,
      "date_joined": "2023-01-08T13:58:29Z",
      "experience": 3,
      "groups": [],
      "user_permissions": []
    }
  },
  {
    "model": "manager_app.editor",
    "pk": 4,
    "fields": {
      "password": "pbkdf2_sha256$320000$randomhash4",
      "last_login": "2023-02-15T14:14:03Z",
      "is_superuser": false,
      "username": "editor4",
      "first_name": "Michael",
      "last_name": "Brown",
      "email": "editor4@example.com",
      "is_staff": true,
      "is_active": true,
      "date_joined": "2023-02-15T13:58:29Z",
      "experience": 6,
      "groups": [],
      "user_permissions": []
    }
  },
  {
    "model": "manager_app.editor",
    "pk": 5,
    "fields": {
      "password": "pbkdf2_sha256$320000$randomhash5",
      "last_login": "2023-04-01T14:14:03Z",
      "is_superuser": false,
      "username": "editor5",
      "first_name": "Alice",
      "last_name": "Williams",
      "email": "editor5@example.com",
      "is_staff": true,
      "is_active": true,
      "date_joined": "2023-04-01T13:58:29Z",
      "experience": 4,
      "groups": [],
      "user_permissions": []
    }
  },
  {
    "model": "manager_app.editor",
    "pk": 6,
    "fields": {
      "password": "pbkdf2_sha256$320000$randomhash6",
      "last_login": "2023-05-10T14:14:03Z",
      "is_superuser": false,
      "username": "editor6",
      "first_name": "David",
      "last_name": "Taylor",
      "email": "editor6@example.com",
      "is_staff": true,
      "is_active": true,
      "date_joined": "2023-05-10T13:58:29Z",
      "experience": 8,
      "groups": [],
      "user_permissions": []
    }
  },
  {
    "model": "manager_app.editor",
    "pk": 7,
    "fields": {
      "password": "pbkdf2_sha256$320000$randomhash7",
      "last_login": "2023-06-20T14:14:03Z",
      "is_superuser": false,
      "username": "editor7",
      "first_name": "Sophia",
      "last_name": "Miller",
      "email": "editor7@example.com",
      "is_staff": true,
      "is_active": true,
      "date_joined": "2023-06-20T13:58:29Z",
      "experience": 2,
      "groups": [],
      "user_permissions": []
    }
  },
  {
    "model": "manager_app.editor",
    "pk": 8,
    "fields": {
      "password": "pbkdf2_sha256$320000$randomhash8",
      "last_login": "2023-07-15T14:14:03Z",
      "is_superuser": false,
      "username": "editor8",
      "first_name": "Lucas",
      "last_name": "Davis",
      "email": "editor8@example.com",
      "is_staff": true,
      "is_active": true,
      "date_joined": "2023-07-15T13:58:29Z",
      "experience": 9,
      "groups": [],
      "user_permissions": []
    }
  },
  {
    "model": "manager_app.editor",
    "pk": 9,
    "fields": {
      "password": "pbkdf2_sha256$320000$randomhash9",
      "last_login": "2023-08-25T14:14:03Z",
      "is_superuser": false,
      "username": "editor9",
      "first_name": "Isabella",
      "last_name": "Moore",
      "email": "editor9@example.com",
      "is_staff": true,
      "is_active": true,
      "date_joined": "2023-08-25T13:58:29Z",
      "experience": 4,
      "groups": [],
      "user_permissions": []
    }
  },
  {
    "model": "manager_app.editor",
    "pk": 10,
    "fields": {
      "password": "pbkdf2_sha256$320000$randomhash10",
      "last_login": "2023-09-12T14:14:03Z",
      "is_superuser": false,
      "username": "editor10",
      "first_name": "Mia",
      "last_name": "Garcia",
      "email": "editor10@example.com",
      "is_staff": true,
      "is_active": true,
      "date_joined": "2023-09-12T13:58:29Z",
      "experience": 5,
      "groups": [],
      "user_permissions": []
    }
  },

  {
    "model": "manager_app.publication",
    "pk": 1,
    "fields": {
      "title": "AI in Modern Tech",
      "content": "This article discusses AI's impact on technology.",
      "created_at": "2025-02-02",
      "publication_date": "2025-02-15",
      "subject": 1,
      "executives": [1]
    }
  },
  {
    "model": "manager_app.publication",
    "pk": 2,
    "fields": {
      "title": "The Future of Healthcare",
      "content": "An exploration of new trends in healthcare.",
      "created_at": "2025-02-05",
      "publication_date": "2025-02-10",
      "subject": 2,
      "executives": [2]
    }
  },
  {
    "model": "manager_app.publication",
    "pk": 3,
    "fields": {
      "title": "Global Economy in 2025",
      "content": "A look at the future of the global economy.",
      "created_at": "2025-02-07",
      "publication_date": "2025-02-20",
      "subject": 3,
      "executives": [3]
    }
  },
  {
    "model": "manager_app.publication",
    "pk": 4,
    "fields": {
      "title": "Innovations in Education",
      "content": "Advancements in educational methods and tools.",
      "created_at": "2025-02-08",
      "publication_date": "2025-02-18",
      "subject": 4,
      "executives": [4]
    }
  },
  {
    "model": "manager_app.publication",
    "pk": 5,
    "fields": {
      "title": "Climate Change Action",
      "content": "What is being done to address climate change?",
      "created_at": "2025-02-09",
      "publication_date": "2025-02-25",
      "subject": 5,
      "executives": [5]
    }
  },

  {
    "model": "manager_app.publication",
    "pk": 6,
    "fields": {
      "title": "Political Systems in 2025",
      "content": "A deep dive into the state of global politics.",
      "created_at": "2025-02-10",
      "publication_date": "2025-03-01",
      "subject": 6,
      "executives": [6]
    }
  },

  {
    "model": "manager_app.publication",
    "pk": 7,
    "fields": {
      "title": "Sports Trends of 2025",
      "content": "The future of global sports.",
      "created_at": "2025-02-11",
      "publication_date": "2025-03-05",
      "subject": 7,
      "executives": [7]
    }
  },

  {
    "model": "manager_app.publication",
    "pk": 8,
    "fields": {
      "title": "Top Travel Destinations",
      "content": "The best places to visit in 2025.",
      "created_at": "2025-02-12",
      "publication_date": "2025-03-10",
      "subject": 8,
      "executives": [8]
    }
  },

  {
    "model": "manager_app.publication",
    "pk": 9,
    "fields": {
      "title": "Scientific Breakthroughs",
      "content": "New scientific discoveries to watch for.",
      "created_at": "2025-02-13",
      "publication_date": "2025-03-15",
      "subject": 9,
      "executives": [9]
    }
  },

  {
    "model": "manager_app.publication",
    "pk": 10,
    "fields": {
      "title": "Business Strategies for Growth",
      "content": "How businesses can scale in a challenging market.",
      "created_at": "2025-02-14",
      "publication_date": "2025-03-20",
      "subject": 10,
      "executives": [10]
    }
  },
  {
    "model": "manager_app.publication",
    "pk": 11,
    "fields": {
      "title": "Emerging Art Forms",
      "content": "A review of new trends in art.",
      "created_at": "2025-02-15",
      "publication_date": "2025-03-25",
      "subject": 11,
      "executives": [1]
    }
  },

  {
    "model": "manager_app.publication",
    "pk": 12,
    "fields": {
      "title": "The Influence of Music",
      "content": "Exploring music's role in society.",
      "created_at": "2025-02-16",
      "publication_date": "2025-03-30",
      "subject": 12,
      "executives": [2]
    }
  },

  {
    "model": "manager_app.publication",
    "pk": 13,
    "fields": {
      "title": "History in the Making",
      "content": "Significant historical events of the last century.",
      "created_at": "2025-02-17",
      "publication_date": "2025-04-05",
      "subject": 13,
      "executives": [3]
    }
  },

  {
    "model": "manager_app.publication",
    "pk": 14,
    "fields": {
      "title": "Lifestyle Changes in the 21st Century",
      "content": "How lifestyles are evolving in the modern world.",
      "created_at": "2025-02-18",
      "publication_date": "2025-04-10",
      "subject": 14,
      "executives": [4]
    }
  },

  {
    "model": "manager_app.publication",
    "pk": 15,
    "fields": {
      "title": "The Next Big Thing in Technology",
      "content": "What to expect from the tech world in the coming years.",
      "created_at": "2025-02-19",
      "publication_date": "2025-04-15",
      "subject": 15,
      "executives": [5]
    }
  }
]
