[
{
    "model": "manager_app.subject",
    "pk": 1,
    "fields": {
        "name": "Technology"
    }
},
{
    "model": "manager_app.subject",
    "pk": 3,
    "fields": {
        "name": "Finance"
    }
},
{
    "model": "manager_app.subject",
    "pk": 4,
    "fields": {
        "name": "Education"
    }
},
{
    "model": "manager_app.subject",
    "pk": 5,
    "fields": {
        "name": "Environment"
    }
},
{
    "model": "manager_app.subject",
    "pk": 6,
    "fields": {
        "name": "Politics"
    }
},
{
    "model": "manager_app.subject",
    "pk": 7,
    "fields": {
        "name": "Sports"
    }
},
{
    "model": "manager_app.subject",
    "pk": 8,
    "fields": {
        "name": "Travel"
    }
},
{
    "model": "manager_app.subject",
    "pk": 9,
    "fields": {
        "name": "Science"
    }
},
{
    "model": "manager_app.subject",
    "pk": 12,
    "fields": {
        "name": "Music"
    }
},
{
    "model": "manager_app.subject",
    "pk": 13,
    "fields": {
        "name": "History"
    }
},
{
    "model": "manager_app.subject",
    "pk": 14,
    "fields": {
        "name": "Lifestyle"
    }
},
{
    "model": "manager_app.subject",
    "pk": 15,
    "fields": {
        "name": "Culture"
    }
},
{
    "model": "manager_app.editor",
    "pk": 1,
    "fields": {
        "password": "pbkdf2_sha256$320000$randomhash1",
        "last_login": "2022-08-08T14:14:03Z",
        "is_superuser": false,
        "username": "editor1",
        "first_name": "John",
        "last_name": "Doejohns",
        "email": "editor1@example.com",
        "is_staff": true,
        "is_active": true,
        "date_joined": "2022-08-08T13:58:29Z",
        "experience": 3,
        "groups": [],
        "user_permissions": []
    }
},
{
    "model": "manager_app.editor",
    "pk": 2,
    "fields": {
        "password": "pbkdf2_sha256$320000$randomhash2",
        "last_login": "2022-09-01T14:14:03Z",
        "is_superuser": false,
        "username": "editor2",
        "first_name": "Jane",
        "last_name": "Smith",
        "email": "editor2@example.com",
        "is_staff": true,
        "is_active": true,
        "date_joined": "2022-09-01T13:58:29Z",
        "experience": 7,
        "groups": [],
        "user_permissions": []
    }
},
{
    "model": "manager_app.editor",
    "pk": 3,
    "fields": {
        "password": "pbkdf2_sha256$320000$randomhash3",
        "last_login": "2023-01-08T14:14:03Z",
        "is_superuser": false,
        "username": "editor3",
        "first_name": "Emily",
        "last_name": "Johnson",
        "email": "editor3@example.com",
        "is_staff": true,
        "is_active": true,
        "date_joined": "2023-01-08T13:58:29Z",
        "experience": 3,
        "groups": [],
        "user_permissions": []
    }
},
{
    "model": "manager_app.editor",
    "pk": 4,
    "fields": {
        "password": "pbkdf2_sha256$320000$randomhash4",
        "last_login": "2023-02-15T14:14:03Z",
        "is_superuser": false,
        "username": "editor4",
        "first_name": "Michael",
        "last_name": "Brown",
        "email": "editor4@example.com",
        "is_staff": true,
        "is_active": true,
        "date_joined": "2023-02-15T13:58:29Z",
        "experience": 6,
        "groups": [],
        "user_permissions": []
    }
},
{
    "model": "manager_app.editor",
    "pk": 5,
    "fields": {
        "password": "pbkdf2_sha256$320000$randomhash5",
        "last_login": "2023-04-01T14:14:03Z",
        "is_superuser": false,
        "username": "editor5",
        "first_name": "Alice",
        "last_name": "Williams",
        "email": "editor5@example.com",
        "is_staff": true,
        "is_active": true,
        "date_joined": "2023-04-01T13:58:29Z",
        "experience": 4,
        "groups": [],
        "user_permissions": []
    }
},
{
    "model": "manager_app.editor",
    "pk": 6,
    "fields": {
        "password": "pbkdf2_sha256$320000$randomhash6",
        "last_login": "2023-05-10T14:14:03Z",
        "is_superuser": false,
        "username": "editor6",
        "first_name": "David",
        "last_name": "Taylor",
        "email": "editor6@example.com",
        "is_staff": true,
        "is_active": true,
        "date_joined": "2023-05-10T13:58:29Z",
        "experience": 8,
        "groups": [],
        "user_permissions": []
    }
},
{
    "model": "manager_app.editor",
    "pk": 7,
    "fields": {
        "password": "pbkdf2_sha256$320000$randomhash7",
        "last_login": "2023-06-20T14:14:03Z",
        "is_superuser": false,
        "username": "editor7",
        "first_name": "Sophia",
        "last_name": "Miller",
        "email": "editor7@example.com",
        "is_staff": true,
        "is_active": true,
        "date_joined": "2023-06-20T13:58:29Z",
        "experience": 2,
        "groups": [],
        "user_permissions": []
    }
},
{
    "model": "manager_app.editor",
    "pk": 8,
    "fields": {
        "password": "pbkdf2_sha256$320000$randomhash8",
        "last_login": "2023-07-15T14:14:03Z",
        "is_superuser": false,
        "username": "editor8",
        "first_name": "Lucas",
        "last_name": "Davis",
        "email": "editor8@example.com",
        "is_staff": true,
        "is_active": true,
        "date_joined": "2023-07-15T13:58:29Z",
        "experience": 9,
        "groups": [],
        "user_permissions": []
    }
},
{
    "model": "manager_app.editor",
    "pk": 9,
    "fields": {
        "password": "pbkdf2_sha256$320000$randomhash9",
        "last_login": "2023-08-25T14:14:03Z",
        "is_superuser": false,
        "username": "editor9",
        "first_name": "Isabella",
        "last_name": "Moore",
        "email": "editor9@example.com",
        "is_staff": true,
        "is_active": true,
        "date_joined": "2023-08-25T13:58:29Z",
        "experience": 4,
        "groups": [],
        "user_permissions": []
    }
},
{
    "model": "manager_app.editor",
    "pk": 10,
    "fields": {
        "password": "pbkdf2_sha256$320000$randomhash10",
        "last_login": "2023-09-12T14:14:03Z",
        "is_superuser": false,
        "username": "editor10",
        "first_name": "Mia",
        "last_name": "Garcia",
        "email": "editor10@example.com",
        "is_staff": true,
        "is_active": true,
        "date_joined": "2023-09-12T13:58:29Z",
        "experience": 5,
        "groups": [],
        "user_permissions": []
    }
},
{
    "model": "manager_app.editor",
    "pk": 11,
    "fields": {
        "password": "pbkdf2_sha256$870000$Mfq6SGRwSYR8pkgy3KhiGT$2oO7ouTwhUKFZ5yX/nGDIl+iBkSoJdiFDvpWd3kI5Fc=",
        "last_login": "2025-02-05T19:30:27.286Z",
        "is_superuser": true,
        "username": "admin",
        "first_name": "Julia",
        "last_name": "Alekseeva",
        "email": "ad@min.com",
        "is_staff": true,
        "is_active": true,
        "date_joined": "2025-02-02T12:07:34.243Z",
        "experience": 1,
        "groups": [],
        "user_permissions": []
    }
},
{
    "model": "manager_app.editor",
    "pk": 12,
    "fields": {
        "password": "pbkdf2_sha256$870000$Ddd6POYqxUxkaVCZhx6KUG$dIGukN3/Rv31yZHDmgFASiagaGE4A0w4I/3pQPYRpF4=",
        "last_login": null,
        "is_superuser": false,
        "username": "julia_alekseeva",
        "first_name": "Yulia",
        "last_name": "Alekseeva",
        "email": "",
        "is_staff": false,
        "is_active": true,
        "date_joined": "2025-02-03T15:37:20.230Z",
        "experience": 4,
        "groups": [],
        "user_permissions": []
    }
},
{
    "model": "manager_app.editor",
    "pk": 13,
    "fields": {
        "password": "pbkdf2_sha256$870000$aIRtfELzFg3QgM9MJ02Mjk$t2G31Nz2KDmC382gAJ9emcs7mmqzl37FcqmW8SSzXao=",
        "last_login": null,
        "is_superuser": false,
        "username": "test_user",
        "first_name": "Test",
        "last_name": "Test",
        "email": "test@gmail.com",
        "is_staff": false,
        "is_active": true,
        "date_joined": "2025-02-04T18:07:14.954Z",
        "experience": 2,
        "groups": [],
        "user_permissions": []
    }
},
{
    "model": "manager_app.editor",
    "pk": 14,
    "fields": {
        "password": "pbkdf2_sha256$870000$F6OlCgKrViBMjQlo35SIba$5mXvHk8Ftj/OgMF82j6AzD+mYnBzIa3taOmnbmIP1wY=",
        "last_login": null,
        "is_superuser": false,
        "username": "test_user22",
        "first_name": "Teste",
        "last_name": "Testq",
        "email": "teswqet@gmail.com",
        "is_staff": false,
        "is_active": true,
        "date_joined": "2025-02-04T20:05:35.169Z",
        "experience": 2,
        "groups": [],
        "user_permissions": []
    }
},
{
    "model": "manager_app.editor",
    "pk": 15,
    "fields": {
        "password": "pbkdf2_sha256$870000$IwGnXTesDDnf3cx6kwPrjS$WBfT3f2QyKcTWaX7EvsSqqIK5zpndcIbz51K11OJwr8=",
        "last_login": null,
        "is_superuser": true,
        "username": "demo_user",
        "first_name": "",
        "last_name": "",
        "email": "user@demo.com",
        "is_staff": true,
        "is_active": true,
        "date_joined": "2025-02-05T19:32:25.667Z",
        "experience": 0,
        "groups": [],
        "user_permissions": []
    }
},
{
    "model": "manager_app.publication",
    "pk": 2,
    "fields": {
        "title": "Disadvantages of performing testing manually",
        "content": "What are the disadvantages of performing testing manually\r\n\r\n1. Time-consuming: It requires human effort and can be time-consuming, especially for large and complex software systems.\r\n\r\n2. Limited coverage: It may only cover some possible scenarios and edge cases, leading to potential bugs or issues being missed.\r\n\r\n3. Subjectivity: Test results can vary based on the tester’s skills, experience, and biases, making it difficult to ensure consistent and objective evaluations.\r\n\r\n4. Costly: Hiring and training manual testers can be expensive, especially compared to automated testing solutions offering higher efficiency and scalability.\r\n\r\n5. Repetitive tasks: It often involves repetitive tasks, leading to human errors due to fatigue or lack of attention.",
        "created_at": "2025-02-05",
        "publication_date": "2025-02-04",
        "subject": 1,
        "status": "Overdue"
    }
},
{
    "model": "manager_app.publication",
    "pk": 3,
    "fields": {
        "title": "Global Economy in 2025",
        "content": "A look at the future of the global economy.",
        "created_at": "2025-02-07",
        "publication_date": "2025-02-04",
        "subject": 3,
        "status": "Overdue"
    }
},
{
    "model": "manager_app.publication",
    "pk": 4,
    "fields": {
        "title": "Innovations in Education",
        "content": "Advancements in educational methods and tools.",
        "created_at": "2025-02-08",
        "publication_date": "2025-02-18",
        "subject": 4,
        "status": "Assigned"
    }
},
{
    "model": "manager_app.publication",
    "pk": 5,
    "fields": {
        "title": "Climate Change Action",
        "content": "What is being done to address climate change?",
        "created_at": "2025-02-09",
        "publication_date": "2025-02-25",
        "subject": 5,
        "status": "Assigned"
    }
},
{
    "model": "manager_app.publication",
    "pk": 6,
    "fields": {
        "title": "Political Systems in 2025",
        "content": "A deep dive into the state of global politics.",
        "created_at": "2025-02-10",
        "publication_date": "2025-03-01",
        "subject": 6,
        "status": "Assigned"
    }
},
{
    "model": "manager_app.publication",
    "pk": 7,
    "fields": {
        "title": "Sports Trends of 2025",
        "content": "The future of global sports.",
        "created_at": "2025-02-11",
        "publication_date": "2025-03-05",
        "subject": 7,
        "status": "Assigned"
    }
},
{
    "model": "manager_app.publication",
    "pk": 8,
    "fields": {
        "title": "Top Travel Destinations",
        "content": "The best places to visit in 2025.",
        "created_at": "2025-02-12",
        "publication_date": "2025-03-10",
        "subject": 8,
        "status": "Assigned"
    }
},
{
    "model": "manager_app.publication",
    "pk": 9,
    "fields": {
        "title": "Scientific Breakthroughs",
        "content": "New scientific discoveries to watch for.",
        "created_at": "2025-02-13",
        "publication_date": "2025-03-15",
        "subject": 9,
        "status": "Assigned"
    }
},
{
    "model": "manager_app.publication",
    "pk": 12,
    "fields": {
        "title": "The Influence of Music",
        "content": "Exploring music's role in society.",
        "created_at": "2025-02-16",
        "publication_date": "2025-03-30",
        "subject": 12,
        "status": "Assigned"
    }
},
{
    "model": "manager_app.publication",
    "pk": 13,
    "fields": {
        "title": "History in the Making",
        "content": "Significant historical events of the last century.",
        "created_at": "2025-02-17",
        "publication_date": "2025-04-05",
        "subject": 13,
        "status": "Assigned"
    }
},
{
    "model": "manager_app.publication",
    "pk": 14,
    "fields": {
        "title": "Lifestyle Changes in the 21st Century",
        "content": "How lifestyles are evolving in the modern world.",
        "created_at": "2025-02-18",
        "publication_date": "2025-02-05",
        "subject": 14,
        "status": "Done"
    }
},
{
    "model": "manager_app.publication",
    "pk": 18,
    "fields": {
        "title": "Доброго вечора, ми з України!",
        "content": "«Доброго вечора, ми з України!» — відома фраза (вислів), гасло під час війни, музичний трек від PROBASS ∆ HARDI, реліз якого відбувся у жовтні 2021 року[1][2][3], а також неофіційне військове привітання в Україні, що стало популярним після російського вторгнення в Україну у 2022 році. Трек вийшов на 8 місце в українському чарті Apple Music у березні 2022 року[4]. Автором фрази є український музикант, фронтмен і вокаліст гурту «ДахаБраха» Галаневич Марко Володимирович[5][6][7].\r\nІсторія\r\nМарка «Доброго вечора, ми з України!»\r\n\r\nСингл вийшов у жовтні 2021 року. Його творці гурт PROBASS ∆ HARDI з Кременчука[8].\r\n\r\nТрек отримав популярність у TikTok, де було створено понад 730 тис. відео з використанням треку. Також пісня набрала десятки мільйонів переглядів у різних варіаціях в інтернеті[9]. Саму фразу в треку промовляє Марко Галаневич з популярного українського гурту «ДахаБраха».",
        "created_at": "2025-02-03",
        "publication_date": "2025-02-05",
        "subject": 13,
        "status": "Assigned"
    }
},
{
    "model": "manager_app.publication",
    "pk": 19,
    "fields": {
        "title": "It’s a whole different mindset",
        "content": "‘It’s a whole different mindset’ – How Haas transformed their fortunes as they set their target for 2025\r\nHaas owner Gene Haas will not put a single cent of his own money into his Formula 1 team for the upcoming season – for the first time since they entered the sport in 2016. But on top of that, the American squad are also set to become profitable.\r\n\r\nThis is a remarkable achievement for an operation that gives new meaning to the phrase “punching above their weight”. At around 320-people strong – 20 of those only starting in January – Haas are comfortably the smallest outfit on the grid. Some of the big teams have triple those numbers.\r\n\r\nREAD MORE: Laura Mueller becomes F1's first female Race Engineer as Haas confirm key personnel changes\r\n\r\nTheir UK factory is easily the smallest and most basic of them all, sharing more resemblance with an outfit operating in junior formulae – and they lack key pieces of hardware, like a state-of-the-art simulator. Despite this, they finished a superb seventh in the Constructors’ Championship last year.\r\n\r\nThey scored points in eight of the last nine Grands Prix, representing their strongest-ever end to the season, to secure their second-best finish in the Constructors' and beat better-resourced teams in Racing Bulls, Williams and Kick Sauber.",
        "created_at": "2025-02-03",
        "publication_date": "2025-02-06",
        "subject": 7,
        "status": "Assigned"
    }
},
{
    "model": "manager_app.publication",
    "pk": 21,
    "fields": {
        "title": "New test publication",
        "content": "Lorem ipsum dolor sit amet, consectetur adipiscing elit. Ut aliquam tellus eu ornare tincidunt. Orci varius natoque penatibus et magnis dis parturient montes, nascetur ridiculus mus. Donec porta ante nec nisi ultricies luctus. Fusce ullamcorper lorem sed fringilla ultrices. Praesent rhoncus orci neque, ut dapibus lorem varius et. Pellentesque blandit rutrum facilisis. Cras ultricies congue euismod. Cras sed auctor metus. Praesent velit nulla, rhoncus eu nisl vitae, fermentum vestibulum arcu. Nulla posuere diam a rhoncus gravida. Donec sit amet mauris eu enim congue imperdiet ac id ipsum. Pellentesque ac risus dignissim, euismod leo a, placerat nulla. Proin aliquam posuere mauris, at imperdiet dui condimentum ut. Duis consectetur, lacus quis rhoncus ullamcorper, leo sem lobortis quam, sed pellentesque tellus enim nec ex.\r\n\r\nIn sit amet placerat ante. Orci varius natoque penatibus et magnis dis parturient montes, nascetur ridiculus mus. Suspendisse ornare elementum ipsum, ut condimentum ipsum porta gravida. Aenean vitae ligula nulla. Nullam eu tortor id purus vestibulum tincidunt. Nulla id laoreet eros. Donec ornare tristique neque, ac placerat tortor auctor quis.",
        "created_at": "2025-02-05",
        "publication_date": "2025-02-07",
        "subject": 14,
        "status": "Assigned"
    }
},
{
    "model": "manager_app.publicationeditor",
    "pk": 3,
    "fields": {
        "editor": 3,
        "publication": 3,
        "assigned_at": "2025-02-02"
    }
},
{
    "model": "manager_app.publicationeditor",
    "pk": 4,
    "fields": {
        "editor": 4,
        "publication": 4,
        "assigned_at": "2025-02-02"
    }
},
{
    "model": "manager_app.publicationeditor",
    "pk": 5,
    "fields": {
        "editor": 5,
        "publication": 5,
        "assigned_at": "2025-02-02"
    }
},
{
    "model": "manager_app.publicationeditor",
    "pk": 6,
    "fields": {
        "editor": 6,
        "publication": 6,
        "assigned_at": "2025-02-02"
    }
},
{
    "model": "manager_app.publicationeditor",
    "pk": 7,
    "fields": {
        "editor": 7,
        "publication": 7,
        "assigned_at": "2025-02-02"
    }
},
{
    "model": "manager_app.publicationeditor",
    "pk": 8,
    "fields": {
        "editor": 8,
        "publication": 8,
        "assigned_at": "2025-02-02"
    }
},
{
    "model": "manager_app.publicationeditor",
    "pk": 9,
    "fields": {
        "editor": 9,
        "publication": 9,
        "assigned_at": "2025-02-02"
    }
},
{
    "model": "manager_app.publicationeditor",
    "pk": 12,
    "fields": {
        "editor": 2,
        "publication": 12,
        "assigned_at": "2025-02-02"
    }
},
{
    "model": "manager_app.publicationeditor",
    "pk": 13,
    "fields": {
        "editor": 3,
        "publication": 13,
        "assigned_at": "2025-02-02"
    }
},
{
    "model": "manager_app.publicationeditor",
    "pk": 14,
    "fields": {
        "editor": 4,
        "publication": 14,
        "assigned_at": "2025-02-02"
    }
},
{
    "model": "manager_app.publicationeditor",
    "pk": 19,
    "fields": {
        "editor": 6,
        "publication": 2,
        "assigned_at": "2025-02-02"
    }
},
{
    "model": "manager_app.publicationeditor",
    "pk": 20,
    "fields": {
        "editor": 7,
        "publication": 2,
        "assigned_at": "2025-02-03"
    }
},
{
    "model": "manager_app.publicationeditor",
    "pk": 21,
    "fields": {
        "editor": 11,
        "publication": 18,
        "assigned_at": "2025-02-03"
    }
},
{
    "model": "manager_app.publicationeditor",
    "pk": 22,
    "fields": {
        "editor": 9,
        "publication": 19,
        "assigned_at": "2025-02-03"
    }
},
{
    "model": "manager_app.publicationeditor",
    "pk": 23,
    "fields": {
        "editor": 10,
        "publication": 19,
        "assigned_at": "2025-02-03"
    }
},
{
    "model": "manager_app.publicationeditor",
    "pk": 24,
    "fields": {
        "editor": 11,
        "publication": 19,
        "assigned_at": "2025-02-03"
    }
},
{
    "model": "manager_app.publicationeditor",
    "pk": 28,
    "fields": {
        "editor": 11,
        "publication": 21,
        "assigned_at": "2025-02-05"
    }
},
{
    "model": "manager_app.publicationeditor",
    "pk": 29,
    "fields": {
        "editor": 13,
        "publication": 21,
        "assigned_at": "2025-02-05"
    }
}
]
